Word,Count
memory,194
leaks,82
c,21
causes,10
tools,20
avoid,11
mar,1
trust,1
abrar,1
ahmed,1
unlike,1
bugs,1
subtle,1
detect,11
generally,2
coder,1
allocates,4
dynamically,8
delete,8
function,7
article,1
explain,1
used,6
leak,25
occurs,5
programmer,3
allocate,5
previously,1
allocated,8
resulting,1
deallocation,9
because,3
program,20
waste,1
slowing,1
performance,18
running,8
codes,1
crashing,1
responsibility,2
remove,1
longer,9
required,2
lets,3
understand,1
following,1
int,4
ptr,5
forgot,1
causing,2
return,3
uses,1
operators,2
array,1
numbers,1
giving,1
elements,1
values,1
allotted,1
operator,5
deleted,3
application,1
results,1
prevent,14
code,7
using,11
statement,1
deallocates,1
selected,1
permanent,2
ultimately,1
reclaimed,1
os,1
ends,2
persist,1
degrading,1
careful,1
crash,1
applications,6
handles,3
amounts,1
data,3
leakage,7
understood,1
reasons,2
accident,1
negligence,1
programmers,1
tend,1
forget,1
deallocate,8
wastage,2
programming,5
sometimes,2
leaked,1
throws,1
exception,1
deallocated,3
times,1
losing,1
created,1
failing,2
correctly,1
programs,9
building,1
objects,7
cannot,1
destroyed,2
holding,1
onto,1
spaces,1
standard,2
cc,1
operations,1
malloc,1
calloc,1
majority,1
allocations,1
operating,7
api,1
remainder,1
feasible,1
instruct,1
visual,2
stack,1
allocation,10
nevertheless,1
functions,2
debug,1
builds,1
listed,1
below,1
valgrind,2
popularly,1
detecting,9
errors,4
leakages,2
helps,3
figuring,1
moreover,3
provides,1
checks,1
easily,2
detects,1
irrespective,1
address,1
sanitizer,1
another,1
detection,9
built,1
into,2
gcc,1
compilers,1
butter,1
overflows,1
purify,1
detector,2
widely,1
commercial,1
industries,1
works,1
initializing,1
executable,1
monitor,6
opensource,1
windows,7
operates,2
listening,1
calls,1
keeping,1
raii,5
stands,1
resource,6
acquisition,1
initialization,1
reduces,1
feasibly,1
everything,1
requires,1
dynamic,2
buried,1
within,1
releases,2
exits,2
scope,4
aii,1
native,1
destructor,3
ensuring,2
variable,1
employ,1
smart,10
pointers,11
developed,1
entities,1
reference,2
points,1
handle,2
automatically,9
managing,3
ones,1
whenever,1
containers,1
vectors,1
lists,1
maps,1
etc,1
advantage,1
sharedptr,3
circular,2
references,2
holds,1
preventing,12
overall,1
individuals,1
theyre,1
otherwise,1
comments,1
specify,1
pointer,1
belongs,1
cycle,1
myclass,8
public,1
stdcout,3
constructor,1
stdendl,3
stduniqueptrmyclass,1
ptrnew,1
uniqueptr,5
doing,1
goes,1
called,1
deallocating,4
prevents,1
takeaways,1
absolutely,1
essential,2
conscious,1
preventative,1
measures,1
adhering,2
practices,3
management,7
covered,1
examples,1
marek,2
majdak,2
sep,1
min,1
software,4
development,1
testing,1
content,1
triggers,3
client,4
desktops,3
mobile,4
phones,3
fixing,6
faqs,2
fails,1
leading,3
steady,1
increase,1
usage,11
adverse,1
effects,1
possibly,1
instability,5
unravel,1
improper,2
isnt,1
freed,1
properly,1
static,3
variables,3
retain,1
terminates,1
handled,2
carefully,1
unfreed,2
heap,11
formidable,1
task,2
worry,1
strategies,1
assist,4
methods,2
profilers,4
designed,3
specifically,1
handy,2
monitoring,1
realtime,3
dumps,7
analyze,2
pinpointing,1
various,4
systems,6
critical,1
ensure,1
optimal,3
prevalent,2
potential,7
desktop,1
quintessential,1
maintain,3
stability,2
improve,1
heres,1
manage,5
helping,6
effectively,2
garbage,12
collection,8
languages,8
java,3
being,1
meticulous,1
allocating,1
automatic,2
necessitates,1
conscientious,1
approach,1
delve,1
frequently,1
asked,1
questions,1
regarding,1
computer,3
retains,1
needs,1
leads,1
increased,3
monitors,2
examining,1
utilizing,1
features,1
employing,2
beneficial,1
caused,1
handling,1
amongst,1
fix,2
utilize,1
builtin,2
identify,2
additionally,1
coding,1
disable,2
startup,3
manager,1
reducing,1
available,4
including,1
analysis,1
specific,2
consequences,1
degradation,1
severe,1
cases,1
affect,3
computers,3
affects,1
consuming,2
unnecessarily,1
crashes,3
collector,3
reclaiming,2
needed,2
enhancing,4
avoiding,2
pivotal,1
role,2
thereby,1
degrade,1
instrumental,1
snapshots,1
analyzing,2
allows,1
developers,2
unwanted,1
occupy,2
optimizing,2
mechanisms,1
instance,1
reclaim,1
potentially,2
hamper,1
resources,2
improving,2
mitigating,2
involves,1
efficient,1
enabling,1
faster,1
issues,1
arise,1
due,2
prone,2
manual,2
compared,1
python,1
explicitly,1
increases,1
chances,1
meticulously,1
appropriately,1
greatly,1
despite,1
collectors,1
efforts,1
unused,1
unclosed,1
files,1
unintentional,1
identifying,1
quickly,1
simultaneously,2
significantly,1
amount,1
degraded,1
leaves,1
efficiently,1
